1,w,sub_t,h,l1,l2,l3,g1,g2,Freq,S11_re,S21_re,S11_img,S21_img,S11_dB,S21_dB
11.185,2.0,1.0,1.0,33.0,33.0,33.0,2.0,3.0,2.5,0.897675748593315,-0.00673112799506402,0.427133890025955,0.00774527904802732,-0.051265,-39.775822
11.185,2.0,1.0,1.0,33.0,33.0,33.0,2.0,3.0,2.5025,0.8949661966737644,-0.006879006163616432,0.4326636247804333,0.007800980461087845,-0.051717,-39.65869
11.185,2.0,1.0,1.0,33.0,33.0,33.0,2.0,3.0,2.505,0.8922114846619411,-0.007029627130178233,0.43819682424961703,0.007856465672120654,-0.052177,-39.541307
11.185,2.0,1.0,1.0,33.0,33.0,33.0,2.0,3.0,2.5075,0.8894111737580156,-0.007183045874919557,0.44373335350563975,0.0079117135173357,-0.052644,-39.423668
11.185,2.0,1.0,1.0,33.0,33.0,33.0,2.0,3.0,2.51,0.886564817629253,-0.0073393187228641315,0.4492730731718555,0.00796670195027171,-0.053119,-39.305763
11.185,2.0,1.0,1.0,33.0,33.0,33.0,2.0,3.0,2.5125,0.8836719622658614,-0.007498503382059169,0.45481583926382324,0.008021408004645297,-0.053602,-39.187588
11.185,2.0,1.0,1.0,33.0,33.0,33.0,2.0,3.0,2.515,0.8807321458339236,-0.007660658982952384,0.46036150302469675,0.00807580775553553,-0.054093,-39.069134
11.185,2.0,1.0,1.0,33.0,33.0,33.0,2.0,3.0,2.5175,0.8777448985253555,-0.007825846119017687,0.4659099107547909,0.00812987627882239,-0.054593,-38.950394
11.185,2.0,1.0,1.0,33.0,33.0,33.0,2.0,3.0,2.52,0.8747097424048305,-0.007994126888672836,0.471460903635122,0.008183587608794257,-0.055102,-38.831361
11.185,2.0,1.0,1.0,33.0,33.0,33.0,2.0,3.0,2.5225,0.8716261912536148,-0.008165564938533284,0.4770143175446631,0.008236914693833775,-0.055619,-38.712028
11.185,2.0,1.0,1.0,33.0,33.0,33.0,2.0,3.0,2.525,0.8684937504102493,-0.008340225508048964,0.4825699828710975,0.00828982935008839,-0.056146,-38.592386
11.185,2.0,1.0,1.0,33.0,33.0,33.0,2.0,3.0,2.5275,0.8653119166080133,-0.008518175475571394,0.4881277243148057,0.00834230221302499,-0.056682,-38.47243
11.185,2.0,1.0,1.0,33.0,33.0,33.0,2.0,3.0,2.53,0.8620801778091185,-0.00869948340590136,0.4936873606858227,0.008394302686763328,-0.057227,-38.352151
11.185,2.0,1.0,1.0,33.0,33.0,33.0,2.0,3.0,2.5325,0.8587980130355616,-0.00888421959936778,0.4992487046934926,0.008445798891077815,-0.057782,-38.231541
11.185,2.0,1.0,1.0,33.0,33.0,33.0,2.0,3.0,2.535,0.8554648921965741,-0.00907245614249189,0.5048115627285392,0.008496757605950117,-0.058347,-38.110593
11.185,2.0,1.0,1.0,33.0,33.0,33.0,2.0,3.0,2.5375,0.8520802759126099,-0.009264266960290892,0.5103757346372412,0.008547144213549079,-0.058923,-37.989299
11.185,2.0,1.0,1.0,33.0,33.0,33.0,2.0,3.0,2.54,0.8486436153358031,-0.009459727870279065,0.5159410134874114,0.008596922637507878,-0.059508,-37.867651
11.185,2.0,1.0,1.0,33.0,33.0,33.0,2.0,3.0,2.5425,0.8451543519668281,-0.009658916638224813,0.5215071853258504,0.008646055279360501,-0.060105,-37.745642
11.185,2.0,1.0,1.0,33.0,33.0,33.0,2.0,3.0,2.545,0.8416119174681029,-0.009861913035725343,0.5270740289269346,0.008694502951992724,-0.060713,-37.623263
11.185,2.0,1.0,1.0,33.0,33.0,33.0,2.0,3.0,2.5475,0.838015733473271,-0.010068798899661289,0.5326413155319756,0.00874222480995339,-0.061332,-37.500506
11.185,2.0,1.0,1.0,33.0,33.0,33.0,2.0,3.0,2.55,0.8343652113928843,-0.010279658193598664,0.5382088085789992,0.00878917827646467,-0.061962,-37.377364
11.185,2.0,1.0,1.0,33.0,33.0,33.0,2.0,3.0,2.5525,0.8306597522162408,-0.010494577071203525,0.543776263422527,0.008835318966959738,-0.062604,-37.253827
11.185,2.0,1.0,1.0,33.0,33.0,33.0,2.0,3.0,2.555,0.8268987463092922,-0.010713643941741593,0.549343427042981,0.00888060060896645,-0.063259,-37.129887
11.185,2.0,1.0,1.0,33.0,33.0,33.0,2.0,3.0,2.5575,0.8230815732085682,-0.010936949537734433,0.5549100377452753,0.008924974958146249,-0.063925,-37.005536
11.185,2.0,1.0,1.0,33.0,33.0,33.0,2.0,3.0,2.56,0.8192076014110468,-0.011164586984846694,0.5604758248461487,0.008968391710285463,-0.064605,-36.880766
11.185,2.0,1.0,1.0,33.0,33.0,33.0,2.0,3.0,2.5625,0.815276188159908,-0.011396651874083041,0.5660405083497791,0.009010798409024993,-0.065298,-36.755567
11.185,2.0,1.0,1.0,33.0,33.0,33.0,2.0,3.0,2.565,0.8112866792261031,-0.011633242336374132,0.5716037986111951,0.009052140349101514,-0.066004,-36.629931
11.185,2.0,1.0,1.0,33.0,33.0,33.0,2.0,3.0,2.5675,0.8072384086856806,-0.011874459119634237,0.577165395986968,0.009092360474860357,-0.066724,-36.503849
11.185,2.0,1.0,1.0,33.0,33.0,33.0,2.0,3.0,2.57,0.8031306986928016,-0.012120405668376468,0.58272499047266,0.009131399273786981,-0.067458,-36.377312
11.185,2.0,1.0,1.0,33.0,33.0,33.0,2.0,3.0,2.5725,0.798962859248384,-0.012371188205973169,0.5882822613264699,0.009169194664786197,-0.068206,-36.25031
11.185,2.0,1.0,1.0,33.0,33.0,33.0,2.0,3.0,2.575,0.7947341879643164,-0.0126269158196529,0.5938368766784891,0.009205681880926044,-0.068969,-36.122835
11.185,2.0,1.0,1.0,33.0,33.0,33.0,2.0,3.0,2.5775,0.7904439698231794,-0.01288770054832731,0.599388493124959,0.009240793346343095,-0.069748,-35.994878
11.185,2.0,1.0,1.0,33.0,33.0,33.0,2.0,3.0,2.58,0.7860914769334253,-0.013153657473344913,0.6049367553068835,0.009274458546989323,-0.070542,-35.866427
11.185,2.0,1.0,1.0,33.0,33.0,33.0,2.0,3.0,2.5825,0.7816759682799469,-0.013424904812270612,0.6104812954723315,0.009306603894881055,-0.071352,-35.737475
11.185,2.0,1.0,1.0,33.0,33.0,33.0,2.0,3.0,2.585,0.7771966894700002,-0.013701564015794067,0.6160217330217168,0.009337152585490088,-0.072179,-35.608011
11.185,2.0,1.0,1.0,33.0,33.0,33.0,2.0,3.0,2.5875,0.7726528724744162,-0.013983759867871955,0.621557674035322,0.00936602444789369,-0.073023,-35.478026
11.185,2.0,1.0,1.0,33.0,33.0,33.0,2.0,3.0,2.59,0.7680437353640654,-0.014271620589211814,0.6270887107822819,0.00939313578727944,-0.073884,-35.347508
11.185,2.0,1.0,1.0,33.0,33.0,33.0,2.0,3.0,2.5925,0.7633684820415266,-0.014565277944209169,0.6326144212102213,0.009418399219372854,-0.074763,-35.216448
11.185,2.0,1.0,1.0,33.0,33.0,33.0,2.0,3.0,2.595,0.7586263019679286,-0.014864867351451441,0.6381343684146762,0.009441723496330146,-0.075661,-35.084836
11.185,2.0,1.0,1.0,33.0,33.0,33.0,2.0,3.0,2.5975,0.7538163698849202,-0.01517052799790523,0.6436481000874156,0.009463013323611661,-0.076577,-34.952661
11.185,2.0,1.0,1.0,33.0,33.0,33.0,2.0,3.0,2.6,0.7489378455317485,-0.015482402956906812,0.6491551479427072,0.00948216916731646,-0.077513,-34.819913
11.185,2.0,1.0,1.0,33.0,33.0,33.0,2.0,3.0,2.6025,0.7439898733574231,-0.015800639310077174,0.6546550271205347,0.00949908705143107,-0.078469,-34.68658
11.185,2.0,1.0,1.0,33.0,33.0,33.0,2.0,3.0,2.605,0.7389715822279419,-0.016125388273286183,0.660147235565726,0.009513658344407126,-0.079445,-34.552651
11.185,2.0,1.0,1.0,33.0,33.0,33.0,2.0,3.0,2.6075,0.7338820851285799,-0.016456805326792986,0.6656312533818894,0.009525769534445047,-0.080443,-34.418115
11.185,2.0,1.0,1.0,33.0,33.0,33.0,2.0,3.0,2.61,0.7287204788612346,-0.016795050349690508,0.6711065421589969,0.009535301992823368,-0.081462,-34.282962
11.185,2.0,1.0,1.0,33.0,33.0,33.0,2.0,3.0,2.6125,0.7234858437368387,-0.017140287758785507,0.6765725442734035,0.009542131724568009,-0.082504,-34.147178
11.185,2.0,1.0,1.0,33.0,33.0,33.0,2.0,3.0,2.615,0.7181772432628555,-0.017492686652046015,0.6820286821590154,0.009546129105710902,-0.083568,-34.010753
11.185,2.0,1.0,1.0,33.0,33.0,33.0,2.0,3.0,2.6175,0.7127937238258931,-0.017852420956749087,0.6874743575482526,0.009547158606337761,-0.084656,-33.873675
11.185,2.0,1.0,1.0,33.0,33.0,33.0,2.0,3.0,2.62,0.707334314369477,-0.018219669582463176,0.6929089506813819,0.009545078498572505,-0.085769,-33.73593
11.185,2.0,1.0,1.0,33.0,33.0,33.0,2.0,3.0,2.6225,0.7017980260670309,-0.018594616579000106,0.6983318194827222,0.009539740548588601,-0.086907,-33.597508
11.185,2.0,1.0,1.0,33.0,33.0,33.0,2.0,3.0,2.625,0.696183851990154,-0.0189774512994688,0.703742298702119,0.00953098969167672,-0.088071,-33.458394
11.185,2.0,1.0,1.0,33.0,33.0,33.0,2.0,3.0,2.6275,0.6904907667722622,-0.0193683685685659,0.7091396990200378,0.009518663689334055,-0.089261,-33.318577
11.185,2.0,1.0,1.0,33.0,33.0,33.0,2.0,3.0,2.63,0.6847177262677175,-0.01976756885623317,0.7145233061144869,0.009502592767267979,-0.090479,-33.178043
11.185,2.0,1.0,1.0,33.0,33.0,33.0,2.0,3.0,2.6325,0.678863667206563,-0.020175258456810632,0.7198923796879138,0.009482599233135311,-0.091725,-33.036779
11.185,2.0,1.0,1.0,33.0,33.0,33.0,2.0,3.0,2.635,0.6729275068450176,-0.020591649673810608,0.7252461524520967,0.009458497072752913,-0.093001,-32.894771
11.185,2.0,1.0,1.0,33.0,33.0,33.0,2.0,3.0,2.6375,0.6669081426119134,-0.021016961010431878,0.7305838290689382,0.009430091523431968,-0.094306,-32.752006
11.185,2.0,1.0,1.0,33.0,33.0,33.0,2.0,3.0,2.64,0.6608044517512605,-0.021451417365929346,0.7359045850449641,0.009397178622992657,-0.095643,-32.608469
11.185,2.0,1.0,1.0,33.0,33.0,33.0,2.0,3.0,2.6425,0.6546152909611944,-0.02189525023794359,0.7412075655771765,0.009359544732915323,-0.097012,-32.464146
11.185,2.0,1.0,1.0,33.0,33.0,33.0,2.0,3.0,2.645,0.6483394960295618,-0.022348697930888027,0.7464918843477912,0.009316966033977067,-0.098414,-32.319022
11.185,2.0,1.0,1.0,33.0,33.0,33.0,2.0,3.0,2.6475,0.6419758814664567,-0.02281200577047799,0.7517566222652299,0.009269207992601256,-0.09985,-32.173083
11.185,2.0,1.0,1.0,33.0,33.0,33.0,2.0,3.0,2.65,0.6355232401340426,-0.02328542632447382,0.757000826148598,0.009216024796028904,-0.101321,-32.026312
11.185,2.0,1.0,1.0,33.0,33.0,33.0,2.0,3.0,2.6525,0.6289803428740763,-0.023769219629690932,0.7622235073526721,0.009157158754275295,-0.102829,-31.878695
11.185,2.0,1.0,1.0,33.0,33.0,33.0,2.0,3.0,2.655,0.6223459381335509,-0.024263653425313787,0.767423640330293,0.00909233966669665,-0.104374,-31.730216
11.185,2.0,1.0,1.0,33.0,33.0,33.0,2.0,3.0,2.6575,0.6156187515889749,-0.024769003392524764,0.7726001611288172,0.009021284150828616,-0.105958,-31.580858
11.185,2.0,1.0,1.0,33.0,33.0,33.0,2.0,3.0,2.66,0.6087974857698412,-0.02528555340043452,0.7777519658171057,0.008943694930986396,-0.107583,-31.430604
11.185,2.0,1.0,1.0,33.0,33.0,33.0,2.0,3.0,2.6625,0.6018808196819199,-0.025813595758266642,0.7828779088392777,0.008859260083935467,-0.109249,-31.279439
11.185,2.0,1.0,1.0,33.0,33.0,33.0,2.0,3.0,2.665,0.5948674084310728,-0.026353431473716656,0.7879768012912557,0.008767652238736802,-0.110958,-31.127344
11.185,2.0,1.0,1.0,33.0,33.0,33.0,2.0,3.0,2.6675,0.5877558828483906,-0.026905370517360066,0.7930474091158205,0.008668527727657572,-0.112711,-30.974302
11.185,2.0,1.0,1.0,33.0,33.0,33.0,2.0,3.0,2.67,0.5805448491175246,-0.02746973209293852,0.7980884512116649,0.008561525684801168,-0.114511,-30.820295
11.185,2.0,1.0,1.0,33.0,33.0,33.0,2.0,3.0,2.6725,0.5732328884051962,-0.02804684491329674,0.8030985974516104,0.008446267088859098,-0.116358,-30.665305
11.185,2.0,1.0,1.0,33.0,33.0,33.0,2.0,3.0,2.675,0.5658185564959967,-0.02863704748167787,0.8080764666048346,0.008322353746110959,-0.118255,-30.509312
11.185,2.0,1.0,1.0,33.0,33.0,33.0,2.0,3.0,2.6775,0.5583003834326897,-0.029240688378013614,0.81302062415762,0.00818936720949934,-0.120203,-30.352297
11.185,2.0,1.0,1.0,33.0,33.0,33.0,2.0,3.0,2.68,0.5506768731633852,-0.029858126549760368,0.8179295800267561,0.008046867629286778,-0.122203,-30.194241
11.185,2.0,1.0,1.0,33.0,33.0,33.0,2.0,3.0,2.6825,0.5429465031971136,-0.030489731606735876,0.8228017861593189,0.007894392530446343,-0.124259,-30.035123
11.185,2.0,1.0,1.0,33.0,33.0,33.0,2.0,3.0,2.685,0.53510772426949,-0.031135884119302848,0.8276356340121387,0.007731455511561178,-0.126372,-29.874923
11.185,2.0,1.0,1.0,33.0,33.0,33.0,2.0,3.0,2.6875,0.5271589600203581,-0.031796975919119085,0.8324294519037772,0.007557544859590088,-0.128544,-29.71362
11.185,2.0,1.0,1.0,33.0,33.0,33.0,2.0,3.0,2.69,0.5190986066855254,-0.03247341040152945,0.8371815022313345,0.007372122074409377,-0.130778,-29.551191
11.185,2.0,1.0,1.0,33.0,33.0,33.0,2.0,3.0,2.6925,0.5109250328049205,-0.03316560282851518,0.8418899785438733,0.007174620296551423,-0.133075,-29.387616
11.185,2.0,1.0,1.0,33.0,33.0,33.0,2.0,3.0,2.695,0.5026365789498072,-0.03387398063092401,0.8465530024636267,0.006964442631026235,-0.135438,-29.22287
11.185,2.0,1.0,1.0,33.0,33.0,33.0,2.0,3.0,2.6975,0.4942315574719371,-0.03459898370849812,0.8511686204455475,0.0067409603595347855,-0.13787,-29.05693
11.185,2.0,1.0,1.0,33.0,33.0,33.0,2.0,3.0,2.7,0.4857082522779144,-0.035341064725968846,0.8557348003650243,0.006503511032751598,-0.140374,-28.889774
11.185,2.0,1.0,1.0,33.0,33.0,33.0,2.0,3.0,2.7025,0.47706491863236666,-0.036100689403216285,0.8602494279228683,0.006251396433663936,-0.142952,-28.721376
11.185,2.0,1.0,1.0,33.0,33.0,33.0,2.0,3.0,2.705,0.4682997829939741,-0.03687833679717283,0.8647103028558277,0.0059838804022067016,-0.145607,-28.55171
11.185,2.0,1.0,1.0,33.0,33.0,33.0,2.0,3.0,2.7075,0.4594110428888501,-0.03767449957279503,0.8691151349400137,0.005700186510613405,-0.148343,-28.380752
11.185,2.0,1.0,1.0,33.0,33.0,33.0,2.0,3.0,2.71,0.45039686682630725,-0.03848968426001711,0.8734615397736375,0.005399495578009461,-0.151162,-28.208475
11.185,2.0,1.0,1.0,33.0,33.0,33.0,2.0,3.0,2.7125,0.4412553942626204,-0.03932441149313633,0.8777470343244215,0.005080943011798037,-0.154069,-28.034852
11.185,2.0,1.0,1.0,33.0,33.0,33.0,2.0,3.0,2.715,0.43198473561906947,-0.04017921622854822,0.8819690322258851,0.004743615962324152,-0.157067,-27.859855
11.185,2.0,1.0,1.0,33.0,33.0,33.0,2.0,3.0,2.7175,0.4225829723612772,-0.041054647936147194,0.8861248388054656,0.0043865502761348115,-0.16016,-27.683454
11.185,2.0,1.0,1.0,33.0,33.0,33.0,2.0,3.0,2.72,0.4130481571477167,-0.041951270759016245,0.8902116458260644,0.004008727231880242,-0.163351,-27.505622
11.185,2.0,1.0,1.0,33.0,33.0,33.0,2.0,3.0,2.7225,0.4033783140561665,-0.04286966363524617,0.8942265259211356,0.003609070041505094,-0.166646,-27.326327
11.185,2.0,1.0,1.0,33.0,33.0,33.0,2.0,3.0,2.725,0.3935714388980186,-0.04381042037482377,0.8981664267017951,0.0031864400978514036,-0.170049,-27.145538
11.185,2.0,1.0,1.0,33.0,33.0,33.0,2.0,3.0,2.7275,0.3836254996314693,-0.04477414968350787,0.9020281645126794,0.0027396329481230606,-0.173565,-26.963224
11.185,2.0,1.0,1.0,33.0,33.0,33.0,2.0,3.0,2.73,0.37353843688606136,-0.04576147512443827,0.9058084178113229,0.002267373970828233,-0.177198,-26.779351
11.185,2.0,1.0,1.0,33.0,33.0,33.0,2.0,3.0,2.7325,0.3633081646125193,-0.046773035006888,0.9095037201437396,0.001768313731807954,-0.180954,-26.593886
11.185,2.0,1.0,1.0,33.0,33.0,33.0,2.0,3.0,2.735,0.3529325708736131,-0.04780948219003859,0.9131104526865497,0.0012410229927571463,-0.18484,-26.406794
11.185,2.0,1.0,1.0,33.0,33.0,33.0,2.0,3.0,2.7375,0.3424095187937254,-0.04887148378790908,0.9166248363234887,0.0006839873432265826,-0.18886,-26.218039
11.185,2.0,1.0,1.0,33.0,33.0,33.0,2.0,3.0,2.74,0.3317368476870808,-0.049959720759565646,0.9200429232213471,9.560142444734218e-05,-0.193022,-26.027584
11.185,2.0,1.0,1.0,33.0,33.0,33.0,2.0,3.0,2.7425,0.32091237438710973,-0.05107488736644494,0.9233605878673692,-0.0005258372895918681,-0.197332,-25.835391
11.185,2.0,1.0,1.0,33.0,33.0,33.0,2.0,3.0,2.745,0.30993389480236644,-0.0522176904759909,0.9265735175268124,-0.0011821351915756973,-0.201797,-25.641422
11.185,2.0,1.0,1.0,33.0,33.0,33.0,2.0,3.0,2.7475,0.29879918572771,-0.05338884868778826,0.9296772020757224,-0.0018752097620644244,-0.206426,-25.445634
11.185,2.0,1.0,1.0,33.0,33.0,33.0,2.0,3.0,2.75,0.287506006943245,-0.0545890912549062,0.932666923160005,-0.00260709735757821,-0.211226,-25.247988
11.185,2.0,1.0,1.0,33.0,33.0,33.0,2.0,3.0,2.7525,0.27605210363784877,-0.055819156769184405,0.9355377426274907,-0.003379961614896634,-0.216206,-25.04844
11.185,2.0,1.0,1.0,33.0,33.0,33.0,2.0,3.0,2.755,0.2644352091990474,-0.05707979157460789,0.9382844901749063,-0.0041961025255361824,-0.221376,-24.846946
11.185,2.0,1.0,1.0,33.0,33.0,33.0,2.0,3.0,2.7575,0.25265304841664676,-0.05837174786764677,0.9409017501464217,-0.0050579662394564864,-0.226745,-24.643459
11.185,2.0,1.0,1.0,33.0,33.0,33.0,2.0,3.0,2.76,0.2407033411540602,-0.059695781437351665,0.9433838474146823,-0.005968155662617695,-0.232324,-24.437934
11.185,2.0,1.0,1.0,33.0,33.0,33.0,2.0,3.0,2.7625,0.22858380654867202,-0.06105264899099241,0.9457248322689524,-0.0069294419191237,-0.238124,-24.230321
11.185,2.0,1.0,1.0,33.0,33.0,33.0,2.0,3.0,2.765,0.2162921678111853,-0.0624431050029291,0.9479184642281115,-0.007944776755380719,-0.244158,-24.020569
11.185,2.0,1.0,1.0,33.0,33.0,33.0,2.0,3.0,2.7675,0.20382615770375137,-0.06386789801505613,0.9499581946886982,-0.009017305971023506,-0.250438,-23.808628
11.185,2.0,1.0,1.0,33.0,33.0,33.0,2.0,3.0,2.77,0.1911835247880239,-0.06532776630634306,0.9518371483100038,-0.010150383969368923,-0.256979,-23.594443
11.185,2.0,1.0,1.0,33.0,33.0,33.0,2.0,3.0,2.7725,0.17836204054742427,-0.06682343283647128,0.9535481030292229,-0.011347589528892171,-0.263795,-23.377959
11.185,2.0,1.0,1.0,33.0,33.0,33.0,2.0,3.0,2.775,0.16535950750304296,-0.0683555993540494,0.955083468589932,-0.012612742906735776,-0.270902,-23.159118
11.185,2.0,1.0,1.0,33.0,33.0,33.0,2.0,3.0,2.7775,0.15217376846012995,-0.06992493954304825,0.9564352634565483,-0.013949924395603804,-0.278318,-22.937861
11.185,2.0,1.0,1.0,33.0,33.0,33.0,2.0,3.0,2.78,0.13880271704243008,-0.07153209106153632,0.9575950899759591,-0.01536349446659378,-0.286061,-22.714127
11.185,2.0,1.0,1.0,33.0,33.0,33.0,2.0,3.0,2.7825,0.12524430969521094,-0.07317764630404497,0.9585541076350973,-0.016858115642615256,-0.294151,-22.487853
11.185,2.0,1.0,1.0,33.0,33.0,33.0,2.0,3.0,2.785,0.11149657936510171,-0.07486214169242879,0.9593030042499464,-0.018438776260042578,-0.302609,-22.258972
11.185,2.0,1.0,1.0,33.0,33.0,33.0,2.0,3.0,2.7875,0.09755765109676869,-0.07658604526922715,0.9598319649072068,-0.0201108162901382,-0.31146,-22.027417
11.185,2.0,1.0,1.0,33.0,33.0,33.0,2.0,3.0,2.79,0.08342575982337883,-0.0783497423315607,0.9601306384647503,-0.021879955406526142,-0.320728,-21.793117
11.185,2.0,1.0,1.0,33.0,33.0,33.0,2.0,3.0,2.7925,0.06909927067105467,-0.0801535188015744,0.9601881014011006,-0.023752323500494086,-0.33044,-21.555999
11.185,2.0,1.0,1.0,33.0,33.0,33.0,2.0,3.0,2.795,0.05457670214778527,-0.08199754198033639,0.9599928187876343,-0.02573449386201356,-0.340626,-21.315989
11.185,2.0,1.0,1.0,33.0,33.0,33.0,2.0,3.0,2.7975,0.03985675264622225,-0.08388183827463301,0.9595326021402544,-0.02783351926084321,-0.351319,-21.073007
11.185,2.0,1.0,1.0,33.0,33.0,33.0,2.0,3.0,2.8,0.024938330758486917,-0.08580626741881497,0.9587945638903078,-0.03005697117858276,-0.362552,-20.826974
11.185,2.0,1.0,1.0,33.0,33.0,33.0,2.0,3.0,2.8025,0.009820589981774451,-0.08777049263495461,0.9577650681979577,-0.032412982458554715,-0.374364,-20.577805
11.185,2.0,1.0,1.0,33.0,33.0,33.0,2.0,3.0,2.805,-0.005497031512040737,-0.08977394608201743,0.9564296778158465,-0.034910293655203026,-0.386796,-20.325414
11.185,2.0,1.0,1.0,33.0,33.0,33.0,2.0,3.0,2.8075,-0.021014765258828363,-0.09181578883607232,0.9547730966976297,-0.03755830337733479,-0.399893,-20.069711
11.185,2.0,1.0,1.0,33.0,33.0,33.0,2.0,3.0,2.81,-0.036732460122633245,-0.09389486451585849,0.9527791080361898,-0.04036712292865017,-0.413705,-19.810604
11.185,2.0,1.0,1.0,33.0,33.0,33.0,2.0,3.0,2.8125,-0.0526495220872718,-0.0960096455178753,0.950430507411861,-0.0433476355527893,-0.428286,-19.547995
11.185,2.0,1.0,1.0,33.0,33.0,33.0,2.0,3.0,2.815,-0.06876484497271133,-0.09815817064855584,0.9477090307342364,-0.04651156058615756,-0.443695,-19.281787
11.185,2.0,1.0,1.0,33.0,33.0,33.0,2.0,3.0,2.8175,-0.08507673061864068,-0.10033797273327491,0.9445952766753549,-0.049871522806806796,-0.459997,-19.011875
11.185,2.0,1.0,1.0,33.0,33.0,33.0,2.0,3.0,2.82,-0.10158279682929452,-0.10254599453741628,0.9410686233216037,-0.05344112723734397,-0.477263,-18.738155
11.185,2.0,1.0,1.0,33.0,33.0,33.0,2.0,3.0,2.8225,-0.11827987108153765,-0.10477849104704678,0.937107138822256,-0.05723503960850037,-0.495573,-18.460516
11.185,2.0,1.0,1.0,33.0,33.0,33.0,2.0,3.0,2.825,-0.13516386765490512,-0.1070309158184408,0.9326874858917479,-0.06126907261007795,-0.515013,-18.178846
11.185,2.0,1.0,1.0,33.0,33.0,33.0,2.0,3.0,2.8275,-0.1522296454391025,-0.10929778870822857,0.927784820140565,-0.06556027793757667,-0.535681,-17.893028
11.185,2.0,1.0,1.0,33.0,33.0,33.0,2.0,3.0,2.83,-0.16947084320141922,-0.11157254182955915,0.9223726823790775,-0.07012704397285874,-0.557682,-17.602943
11.185,2.0,1.0,1.0,33.0,33.0,33.0,2.0,3.0,2.8325,-0.18687968854270462,-0.11384734003349053,0.9164228852769328,-0.07498919869864157,-0.581136,-17.308469
11.185,2.0,1.0,1.0,33.0,33.0,33.0,2.0,3.0,2.835,-0.20444677612373865,-0.1161128715768895,0.9099053950902395,-0.08016811711711104,-0.606174,-17.009478
11.185,2.0,1.0,1.0,33.0,33.0,33.0,2.0,3.0,2.8375,-0.22216080999117782,-0.1183581038957378,0.9027882096189723,-0.08568683199332969,-0.632943,-16.705843
11.185,2.0,1.0,1.0,33.0,33.0,33.0,2.0,3.0,2.84,-0.24000830396041808,-0.12056999854293542,0.8950372341661376,-0.09157014613642625,-0.661607,-16.397434
11.185,2.0,1.0,1.0,33.0,33.0,33.0,2.0,3.0,2.8425,-0.2579732330095836,-0.12273317836038775,0.8866161580877074,-0.09784474361650929,-0.692351,-16.084117
11.185,2.0,1.0,1.0,33.0,33.0,33.0,2.0,3.0,2.845,-0.2760366274940549,-0.12482953882660579,0.8774863356126401,-0.10453929622892356,-0.72538,-15.765759
11.185,2.0,1.0,1.0,33.0,33.0,33.0,2.0,3.0,2.8475,-0.29417610069984396,-0.12683779424868385,0.8676066760583294,-0.1116845600775058,-0.760926,-15.442225
11.185,2.0,1.0,1.0,33.0,33.0,33.0,2.0,3.0,2.85,-0.3123652988208021,-0.12873294805594718,0.8569335504752837,-0.11931345524898632,-0.799251,-15.113383
11.185,2.0,1.0,1.0,33.0,33.0,33.0,2.0,3.0,2.8525,-0.33057326088903094,-0.1304856749218859,0.8454207242619008,-0.12746111905645507,-0.840649,-14.7791
11.185,2.0,1.0,1.0,33.0,33.0,33.0,2.0,3.0,2.855,-0.34876367455440105,-0.13206160083617505,0.8330193285688682,-0.13616492006934605,-0.885455,-14.439249
11.185,2.0,1.0,1.0,33.0,33.0,33.0,2.0,3.0,2.8575,-0.36689401198171406,-0.1334204656533795,0.8196778875798086,-0.14546441590556336,-0.934048,-14.093708
11.185,2.0,1.0,1.0,33.0,33.0,33.0,2.0,3.0,2.86,-0.384914528655192,-0.1345151512020155,0.8053424242797178,-0.15540123227126101,-0.986858,-13.742363
11.185,2.0,1.0,1.0,33.0,33.0,33.0,2.0,3.0,2.8625,-0.40276710678122063,-0.13529055697771294,0.7899566744333231,-0.16601883367059594,-1.044377,-13.385111
11.185,2.0,1.0,1.0,33.0,33.0,33.0,2.0,3.0,2.865,-0.4203839246225348,-0.13568230512711896,0.7734624475816445,-0.17736214718551957,-1.107169,-13.021866
11.185,2.0,1.0,1.0,33.0,33.0,33.0,2.0,3.0,2.8675,-0.4376859340291491,-0.13561525740119687,0.7558001853737373,-0.18947698930232434,-1.175877,-12.652559
11.185,2.0,1.0,1.0,33.0,33.0,33.0,2.0,3.0,2.87,-0.45458113146829293,-0.13500182982848238,0.7369097819657112,-0.20240923145933645,-1.251241,-12.27715
11.185,2.0,1.0,1.0,33.0,33.0,33.0,2.0,3.0,2.8725,-0.47096261418332663,-0.1337400972096594,0.7167317490140354,-0.21620362234255597,-1.334113,-11.89563
11.185,2.0,1.0,1.0,33.0,33.0,33.0,2.0,3.0,2.875,-0.48670642442048,-0.131711690843996,0.695208829333913,-0.230902163602038,-1.425478,-11.508031
11.185,2.0,1.0,1.0,33.0,33.0,33.0,2.0,3.0,2.8775,-0.5016692033085874,-0.12877951150567582,0.6722881886817662,-0.24654191051375018,-1.526474,-11.114438
11.185,2.0,1.0,1.0,33.0,33.0,33.0,2.0,3.0,2.88,-0.5156857051608525,-0.12478530876942717,0.6479243438889194,-0.2631520406407992,-1.63842,-10.714998
11.185,2.0,1.0,1.0,33.0,33.0,33.0,2.0,3.0,2.8825,-0.5285662668928633,-0.11954722150954245,0.6220830162344118,-0.2807500032436909,-1.762848,-10.309939
11.185,2.0,1.0,1.0,33.0,33.0,33.0,2.0,3.0,2.885,-0.5400943911981346,-0.11285743799657366,0.5947461282758565,-0.29933653326733084,-1.901543,-9.899581
11.185,2.0,1.0,1.0,33.0,33.0,33.0,2.0,3.0,2.8875,-0.5500246922925921,-0.10448022363034067,0.5659181843601736,-0.31888929216722034,-2.05658,-9.484365
11.185,2.0,1.0,1.0,33.0,33.0,33.0,2.0,3.0,2.89,-0.5580815759333394,-0.09415068639802006,0.5356342795038874,-0.33935489378198325,-2.230381,-9.064869
11.185,2.0,1.0,1.0,33.0,33.0,33.0,2.0,3.0,2.8925,-0.5639591863514685,-0.08157480986025076,0.5039699520606767,-0.36063910301819074,-2.425769,-8.641838
11.185,2.0,1.0,1.0,33.0,33.0,33.0,2.0,3.0,2.895,-0.5673233529353365,-0.066431481983961,0.47105300846378934,-0.38259508223362043,-2.646033,-8.216213
11.185,2.0,1.0,1.0,33.0,33.0,33.0,2.0,3.0,2.8975,-0.5678165010179593,-0.048377477469267835,0.43707726994436025,-0.40500973801738255,-2.895,-7.789165
11.185,2.0,1.0,1.0,33.0,33.0,33.0,2.0,3.0,2.9,-0.5650667289359365,-0.027056586384868825,0.40231787940316033,-0.42758853126511703,-3.177104,-7.362125
11.185,2.0,1.0,1.0,33.0,33.0,33.0,2.0,3.0,2.9025,-0.5587024446092527,-0.0021142701455571576,0.36714731589099026,-0.44993960119552995,-3.497454,-6.93682
11.185,2.0,1.0,1.0,33.0,33.0,33.0,2.0,3.0,2.905,-0.5483740057330383,0.02678072580280955,0.33205055862637944,-0.4715587544968281,-3.861882,-6.515299
11.185,2.0,1.0,1.0,33.0,33.0,33.0,2.0,3.0,2.9075,-0.5337835750626292,0.05990660694354855,0.2976369225428773,-0.49181778327751535,-4.276947,-6.099953
11.185,2.0,1.0,1.0,33.0,33.0,33.0,2.0,3.0,2.91,-0.514723697623917,0.09745011936735655,0.26464503181836746,-0.5099596210891613,-4.749844,-5.693521
11.185,2.0,1.0,1.0,33.0,33.0,33.0,2.0,3.0,2.9125,-0.4911237307223743,0.13946037008621126,0.23393641804882537,-0.5251048145418534,-5.288128,-5.299068
11.185,2.0,1.0,1.0,33.0,33.0,33.0,2.0,3.0,2.915,-0.46310108529133776,0.1857979117463504,0.20647271625671473,-0.5362742908430769,-5.899087,-4.919945
11.185,2.0,1.0,1.0,33.0,33.0,33.0,2.0,3.0,2.9175,-0.43101136217314145,0.23608497743395443,0.18327195064291119,-0.5424328775597197,-6.588437,-4.559697
11.185,2.0,1.0,1.0,33.0,33.0,33.0,2.0,3.0,2.92,-0.39548837945628246,0.289665808773575,0.16534157544428255,-0.5425558636870532,-7.357753,-4.221945
11.185,2.0,1.0,1.0,33.0,33.0,33.0,2.0,3.0,2.9225,-0.35746279040103246,0.345588286341801,0.15359015635207268,-0.5357166949937302,-8.199614,-3.91021
11.185,2.0,1.0,1.0,33.0,33.0,33.0,2.0,3.0,2.925,-0.3181478968845815,0.4026181458042703,0.14872557667384956,-0.5211879422443063,-9.089053,-3.627723
11.185,2.0,1.0,1.0,33.0,33.0,33.0,2.0,3.0,2.9275,-0.27898470698594474,0.459293624085882,0.15115412004724776,-0.49854127264816217,-9.970566,-3.377201
11.185,2.0,1.0,1.0,33.0,33.0,33.0,2.0,3.0,2.93,-0.24154569595759898,0.5140210095166398,0.1608993846901435,-0.4677276100547998,-10.745181,-3.160648
11.185,2.0,1.0,1.0,33.0,33.0,33.0,2.0,3.0,2.9325,-0.20740682316447479,0.5652015514352857,0.17756010415124907,-0.42911858289549193,-11.275804,-2.979181
11.185,2.0,1.0,1.0,33.0,33.0,33.0,2.0,3.0,2.935,-0.17800702307106814,0.6113706102792933,0.20032005950594084,-0.38349623577814806,-11.437871,-2.832928
11.185,2.0,1.0,1.0,33.0,33.0,33.0,2.0,3.0,2.9375,-0.154519755628091,0.651324637039148,0.228012231950985,-0.331988950848306,-11.199532,-2.721007
11.185,2.0,1.0,1.0,33.0,33.0,33.0,2.0,3.0,2.94,-0.13775958960152582,0.6842132103995489,0.259226602952055,-0.2759641657623601,-10.64613,-2.641585
11.185,2.0,1.0,1.0,33.0,33.0,33.0,2.0,3.0,2.9425,-0.12813836644228155,0.70958175232131,0.2924411594547309,-0.21689822397757158,-9.916499,-2.592024
11.185,2.0,1.0,1.0,33.0,33.0,33.0,2.0,3.0,2.945,-0.12567337944623677,0.7273625737666312,0.32615214657962494,-0.15624714405365686,-9.130389,-2.569063
11.185,2.0,1.0,1.0,33.0,33.0,33.0,2.0,3.0,2.9475,-0.13003866717053647,0.7378231400186943,0.3589830268418174,-0.09533866954567398,-8.363054,-2.56904
11.185,2.0,1.0,1.0,33.0,33.0,33.0,2.0,3.0,2.95,-0.14064350104004686,0.741487384136327,0.3897597284397248,-0.03529787891366025,-7.652468,-2.588094
11.185,2.0,1.0,1.0,33.0,33.0,33.0,2.0,3.0,2.9525,-0.15672063984029783,0.7390473627897757,0.41754906663991026,0.022990598705578295,-7.013465,-2.622354
11.185,2.0,1.0,1.0,33.0,33.0,33.0,2.0,3.0,2.955,-0.17740985931944908,0.7312796112527159,0.441664691609504,0.07888811733710432,-6.448514,-2.668082
11.185,2.0,1.0,1.0,33.0,33.0,33.0,2.0,3.0,2.9575,-0.20182743474954057,0.7189754097985743,0.461649103009833,0.13198378986769282,-5.954156,-2.72178
11.185,2.0,1.0,1.0,33.0,33.0,33.0,2.0,3.0,2.96,-0.22911754470000806,0.7028889188803389,0.47724127156727353,0.1820619710231968,-5.524481,-2.780251
11.185,2.0,1.0,1.0,33.0,33.0,33.0,2.0,3.0,2.9625,-0.2584856616795435,0.6837030758717277,0.4883382113032513,0.22906370938519072,-5.152888,-2.840634
11.185,2.0,1.0,1.0,33.0,33.0,33.0,2.0,3.0,2.965,-0.28921647099255693,0.6620106936924364,0.4949566251653369,0.2730482137611252,-4.832951,-2.900406
11.185,2.0,1.0,1.0,33.0,33.0,33.0,2.0,3.0,2.9675,-0.32067989284994913,0.6383071803332722,0.4971984104268326,0.3141580510710597,-4.5588,-2.957368
11.185,2.0,1.0,1.0,33.0,33.0,33.0,2.0,3.0,2.97,-0.3523288162034623,0.6129912684078828,0.4952218700149269,0.3525898589797437,-4.325263,-3.009623
11.185,2.0,1.0,1.0,33.0,33.0,33.0,2.0,3.0,2.9725,-0.383691639112635,0.5863706553944383,0.48921910789249556,0.3885709895605555,-4.127891,-3.055545
11.185,2.0,1.0,1.0,33.0,33.0,33.0,2.0,3.0,2.975,-0.4143619941801244,0.558670166804446,0.4793992600140056,0.42234166813604634,-3.962933,-3.093744
11.185,2.0,1.0,1.0,33.0,33.0,33.0,2.0,3.0,2.9775,-0.4439873304090624,0.530040756955344,0.4659768058716839,0.4541418322391101,-3.827279,-3.123034
11.185,2.0,1.0,1.0,33.0,33.0,33.0,2.0,3.0,2.98,-0.4722574277782033,0.5005682543386393,0.44916408264517244,0.4842016724817452,-3.718406,-3.142405
11.185,2.0,1.0,1.0,33.0,33.0,33.0,2.0,3.0,2.9825,-0.4988934695658878,0.47028121098175774,0.4291671693473594,0.5127349144025295,-3.634327,-3.150994
11.185,2.0,1.0,1.0,33.0,33.0,33.0,2.0,3.0,2.985,-0.5236379830339158,0.43915753680999003,0.4061844395026051,0.5399339746117457,-3.573549,-3.148066
11.185,2.0,1.0,1.0,33.0,33.0,33.0,2.0,3.0,2.9875,-0.5462457586275574,0.40712981663585257,0.38040724541554616,0.565966242133563,-3.53504,-3.13299
11.185,2.0,1.0,1.0,33.0,33.0,33.0,2.0,3.0,2.99,-0.5664757458339575,0.37408934882040235,0.35202236567289874,0.590970845942027,-3.51821,-3.10523
11.185,2.0,1.0,1.0,33.0,33.0,33.0,2.0,3.0,2.9925,-0.5840838787069587,0.3398890386910412,0.3212160062924753,0.6150553569896019,-3.522907,-3.064334
11.185,2.0,1.0,1.0,33.0,33.0,33.0,2.0,3.0,2.995,-0.5988167908327793,0.3043453505651679,0.2881792901142119,0.638291931972983,-3.549426,-3.009929
11.185,2.0,1.0,1.0,33.0,33.0,33.0,2.0,3.0,2.9975,-0.610406430398834,0.26723959054415075,0.25311529813893197,0.6607124371359416,-3.598532,-2.941723
11.185,2.0,1.0,1.0,33.0,33.0,33.0,2.0,3.0,3.0,-0.618565680282948,0.2283188770894937,0.2162478407268678,0.6823020982801891,-3.671515,-2.859506
11.185,2.0,1.0,1.0,33.0,33.0,33.0,2.0,3.0,3.0025,-0.6229852315838723,0.18729727659227094,0.1778322334997305,0.7029912167854455,-3.770249,-2.76317
11.185,2.0,1.0,1.0,33.0,33.0,33.0,2.0,3.0,3.005,-0.6233321637611148,0.14385775674570175,0.13816842409203936,0.722644485762194,-3.897301,-2.652721
11.185,2.0,1.0,1.0,33.0,33.0,33.0,2.0,3.0,3.0075,-0.6192509675798197,0.09765586327809084,0.09761684273059008,0.7410474601038954,-4.056066,-2.528307
11.185,2.0,1.0,1.0,33.0,33.0,33.0,2.0,3.0,3.01,-0.6103681277762599,0.048326377432391696,0.0566172963834396,0.7578898194858339,-4.250955,-2.390256
11.185,2.0,1.0,1.0,33.0,33.0,33.0,2.0,3.0,3.0125,-0.596301876279931,-0.0045053208422333535,0.01571103203274061,0.7727452787595928,-4.487663,-2.239125
11.185,2.0,1.0,1.0,33.0,33.0,33.0,2.0,3.0,3.015,-0.5766793322308159,-0.06120487703612659,-0.02443433696797444,0.7850484447359164,-4.773522,-2.075753
11.185,2.0,1.0,1.0,33.0,33.0,33.0,2.0,3.0,3.0175,-0.5511639173434977,-0.12210061475157609,-0.06299815774677604,0.794069734916075,-5.118013,-1.901338
11.185,2.0,1.0,1.0,33.0,33.0,33.0,2.0,3.0,3.02,-0.5194965423620571,-0.1874416683120915,-0.09898080939639832,0.7988908493259554,-5.533481,-1.717521
11.185,2.0,1.0,1.0,33.0,33.0,33.0,2.0,3.0,3.0225,-0.48155431413097793,-0.2573388067784543,-0.13118315501033317,0.7983854258641739,-6.0362,-1.526479
11.185,2.0,1.0,1.0,33.0,33.0,33.0,2.0,3.0,3.025,-0.43742988066271205,-0.3316848017921872,-0.15819906091658437,0.7912125491138984,-6.647993,-1.331032
11.185,2.0,1.0,1.0,33.0,33.0,33.0,2.0,3.0,3.0275,-0.3875321644505348,-0.4100535596611388,-0.1784325026856566,0.7758345984894451,-7.398825,-1.134736
11.185,2.0,1.0,1.0,33.0,33.0,33.0,2.0,3.0,3.03,-0.3327040071995115,-0.4915824534545038,-0.1901546630583098,0.7505747860803427,-8.331238,-0.941956
11.185,2.0,1.0,1.0,33.0,33.0,33.0,2.0,3.0,3.0325,-0.27434310683862406,-0.574851403132517,-0.19161855886965376,0.713731846845094,-9.508525,-0.757893
11.185,2.0,1.0,1.0,33.0,33.0,33.0,2.0,3.0,3.035,-0.21449949494693435,-0.657785331928192,-0.18124586594506437,0.6637664691764605,-11.031427,-0.588527
11.185,2.0,1.0,1.0,33.0,33.0,33.0,2.0,3.0,3.0375,-0.15590817563169337,-0.7376211826854362,-0.15788841828247427,0.5995618864330242,-13.077163,-0.440433
11.185,2.0,1.0,1.0,33.0,33.0,33.0,2.0,3.0,3.04,-0.10190621215343076,-0.8109899416220981,-0.12114199486672514,0.5207362648299582,-16.010144,-0.320446
11.185,2.0,1.0,1.0,33.0,33.0,33.0,2.0,3.0,3.0425,-0.05619056825804659,-0.8741570678672138,-0.0716544279253191,0.4279490815522851,-20.813545,-0.235166
11.185,2.0,1.0,1.0,33.0,33.0,33.0,2.0,3.0,3.045,-0.022407091738053338,-0.9234307153968209,-0.011335979185891833,0.3231097683598258,-32.002583,-0.190317
11.185,2.0,1.0,1.0,33.0,33.0,33.0,2.0,3.0,3.0475,-0.0036222078519566074,-0.9556861509914539,0.05662997420343603,0.20938710717770592,-24.921341,-0.190068
11.185,2.0,1.0,1.0,33.0,33.0,33.0,2.0,3.0,3.05,-0.00179629429519255,-0.968887645811583,0.12804146080312995,0.0909542565206,-17.852133,-0.236427
11.185,2.0,1.0,1.0,33.0,33.0,33.0,2.0,3.0,3.0525,-0.01741237213739406,-0.9624546653487539,0.1981794656481814,-0.027512294678763056,-14.02543,-0.328847
11.185,2.0,1.0,1.0,33.0,33.0,33.0,2.0,3.0,3.055,-0.049382636396433845,-0.937350250738146,0.2624412653483464,-0.14146490494738995,-11.468248,-0.464153
11.185,2.0,1.0,1.0,33.0,33.0,33.0,2.0,3.0,3.0575,-0.09526230539416623,-0.8958621559006886,0.31693393731365704,-0.2470771354684156,-9.604985,-0.636793
11.185,2.0,1.0,1.0,33.0,33.0,33.0,2.0,3.0,3.06,-0.15169208182767369,-0.8411549056283715,0.35887573979788984,-0.3416446960955552,-8.187217,-0.839344
11.185,2.0,1.0,1.0,33.0,33.0,33.0,2.0,3.0,3.0625,-0.21492481507406,-0.776736081017856,0.386735008903688,-0.423725066649438,-7.082835,-1.063149
11.185,2.0,1.0,1.0,33.0,33.0,33.0,2.0,3.0,3.065,-0.28129497123293523,-0.705976743870654,0.40013125913002134,-0.49304044533364716,-6.211809,-1.298935
11.185,2.0,1.0,1.0,33.0,33.0,33.0,2.0,3.0,3.0675,-0.3475434886202986,-0.6317717068680394,0.3995845565552484,-0.5502295846575109,-5.521379,-1.537321
11.185,2.0,1.0,1.0,33.0,33.0,33.0,2.0,3.0,3.07,-0.410976415333438,-0.5563592436921225,0.3862114729317227,-0.5965459115366257,-4.974897,-1.769155
11.185,2.0,1.0,1.0,33.0,33.0,33.0,2.0,3.0,3.0725,-0.4694828729112545,-0.4812720817555349,0.36144288074566844,-0.6335758311272626,-4.546247,-1.985681
11.185,2.0,1.0,1.0,33.0,33.0,33.0,2.0,3.0,3.075,-0.5214570074790001,-0.40737126250233524,0.32680418723618443,-0.6630156665490781,-4.216836,-2.178564
11.185,2.0,1.0,1.0,33.0,33.0,33.0,2.0,3.0,3.0775,-0.5656659943009656,-0.3349151537825323,0.2837697469696358,-0.6865152263379185,-3.973939,-2.339805
11.185,2.0,1.0,1.0,33.0,33.0,33.0,2.0,3.0,3.08,-0.6010928475148581,-0.26362629508503344,0.23368694563462164,-0.7055764958307751,-3.809879,-2.461589
11.185,2.0,1.0,1.0,33.0,33.0,33.0,2.0,3.0,3.0825,-0.6267672510698291,-0.19273004824539133,0.17776150860895082,-0.7214855159466129,-3.721874,-2.536101
11.185,2.0,1.0,1.0,33.0,33.0,33.0,2.0,3.0,3.085,-0.6415841382120592,-0.120946865391573,0.11710171806285431,-0.7352486474574574,-3.712607,-2.555359
11.185,2.0,1.0,1.0,33.0,33.0,33.0,2.0,3.0,3.0875,-0.6440999502053792,-0.04642394692856102,0.052835163953496966,-0.7474941142285491,-3.79181,-2.511125
11.185,2.0,1.0,1.0,33.0,33.0,33.0,2.0,3.0,3.09,-0.6322929118264016,0.03340417212468382,-0.013658026256470985,-0.7582766948767585,-3.979608,-2.395026
11.185,2.0,1.0,1.0,33.0,33.0,33.0,2.0,3.0,3.0925,-0.603286767022112,0.122020457335913,-0.08029449897564866,-0.7666730681096627,-4.313265,-2.199157
11.185,2.0,1.0,1.0,33.0,33.0,33.0,2.0,3.0,3.095,-0.5531046177019526,0.22402241010060026,-0.1434131699422284,-0.769955335969917,-4.861274,-1.917774
11.185,2.0,1.0,1.0,33.0,33.0,33.0,2.0,3.0,3.0975,-0.4767572033726492,0.3450018220320302,-0.19610442656700905,-0.7619684616020032,-5.755196,-1.551364
11.185,2.0,1.0,1.0,33.0,33.0,33.0,2.0,3.0,3.1,-0.36968702232517436,0.49008461965380473,-0.22527718836288094,-0.7302474531096681,-7.27188,-1.11571
11.185,2.0,1.0,1.0,33.0,33.0,33.0,2.0,3.0,3.1025,-0.23329909283505995,0.6584081660496142,-0.2078749839625571,-0.6522872100058519,-10.103701,-0.66017
11.185,2.0,1.0,1.0,33.0,33.0,33.0,2.0,3.0,3.105,-0.08903339961222714,0.8291048765247524,-0.11170486488505577,-0.49641306779653044,-16.90265,-0.297271
11.185,2.0,1.0,1.0,33.0,33.0,33.0,2.0,3.0,3.1075,0.0035254652495263277,0.9433031735736,0.08175513870083333,-0.24453829495914903,-21.74163,-0.224502
11.185,2.0,1.0,1.0,33.0,33.0,33.0,2.0,3.0,3.11,-0.03348578669507798,0.9239882662656788,0.3259742711556187,0.056692964083882684,-9.690745,-0.670352
11.185,2.0,1.0,1.0,33.0,33.0,33.0,2.0,3.0,3.1125,-0.20818277138183375,0.7636348370877024,0.5107096051688418,0.2973680426855685,-5.168917,-1.729114
11.185,2.0,1.0,1.0,33.0,33.0,33.0,2.0,3.0,3.115,-0.43434696358712765,0.5485095952441129,0.5708500588029082,0.4126782622466841,-2.885918,-3.268259
11.185,2.0,1.0,1.0,33.0,33.0,33.0,2.0,3.0,3.1175,-0.630558081891367,0.3599395960360079,0.5312329129385635,0.42736181855541544,-1.676112,-5.055746
11.185,2.0,1.0,1.0,33.0,33.0,33.0,2.0,3.0,3.12,-0.771544761544702,0.2233059139746309,0.4429043338043236,0.39218817028759856,-1.015789,-6.910578
11.185,2.0,1.0,1.0,33.0,33.0,33.0,2.0,3.0,3.1225,-0.8641529114977249,0.1320209415153409,0.3400473793729497,0.3411236311933469,-0.64295,-8.735606
11.185,2.0,1.0,1.0,33.0,33.0,33.0,2.0,3.0,3.125,-0.921906940563622,0.0728477724075435,0.238462975393617,0.289848185573278,-0.424995,-10.490573
11.185,2.0,1.0,1.0,33.0,33.0,33.0,2.0,3.0,3.1275,-0.9560050174270482,0.034853932576548216,0.14385264614676155,0.24400536838528547,-0.29356,-12.164293
11.185,2.0,1.0,1.0,33.0,33.0,33.0,2.0,3.0,3.13,-0.9741588530709713,0.010562023029549991,0.05752586354656707,0.20488078144839247,-0.212286,-13.758449
11.185,2.0,1.0,1.0,33.0,33.0,33.0,2.0,3.0,3.1325,-0.9813998245657002,-0.004853294443120337,-0.020862225171964212,0.17212384071310782,-0.161118,-15.279728
11.185,2.0,1.0,1.0,33.0,33.0,33.0,2.0,3.0,3.135,-0.980985518929734,-0.01446678770520544,-0.09216323057082895,0.14488738935791687,-0.128583,-16.736305
11.185,2.0,1.0,1.0,33.0,33.0,33.0,2.0,3.0,3.1375,-0.9750500366481293,-0.02024863468699725,-0.15729314516171217,0.12226610963050598,-0.107889,-18.136368
11.185,2.0,1.0,1.0,33.0,33.0,33.0,2.0,3.0,3.14,-0.9650202203776795,-0.023477360705737506,-0.2170803556266598,0.10344642974630915,-0.094889,-19.487568
11.185,2.0,1.0,1.0,33.0,33.0,33.0,2.0,3.0,3.1425,-0.9518733719665954,-0.024995088875975117,-0.27222764313742803,0.08774334367138133,-0.086982,-20.796863
11.185,2.0,1.0,1.0,33.0,33.0,33.0,2.0,3.0,3.145,-0.9362963189442701,-0.025364729163813264,-0.3233159772928174,0.07459588914499503,-0.082495,-22.070542
11.185,2.0,1.0,1.0,33.0,33.0,33.0,2.0,3.0,3.1475,-0.9187845426328233,-0.02496764259904699,-0.3708213143808464,0.06354986360030339,-0.080329,-23.314307
11.185,2.0,1.0,1.0,33.0,33.0,33.0,2.0,3.0,3.15,-0.899704901321399,-0.024065195286216992,-0.41513338259350446,0.054238693162481685,-0.079749,-24.533377
11.185,2.0,1.0,1.0,33.0,33.0,33.0,2.0,3.0,3.1525,-0.8793360176606272,-0.022838192418480983,-0.4565726246243538,0.04636623142226023,-0.080255,-25.732594
11.185,2.0,1.0,1.0,33.0,33.0,33.0,2.0,3.0,3.155,-0.8578947580555902,-0.02141256689455345,-0.4954043049719735,0.03969245131788385,-0.0815,-26.916515
11.185,2.0,1.0,1.0,33.0,33.0,33.0,2.0,3.0,3.1575,-0.8355539059053189,-0.019876387595259493,-0.5318498438540907,0.03402195069076258,-0.083245,-28.089505
11.185,2.0,1.0,1.0,33.0,33.0,33.0,2.0,3.0,3.16,-0.8124541621473403,-0.0182912945037931,-0.5660957739640639,0.029194864069192694,-0.085319,-29.255816
11.185,2.0,1.0,1.0,33.0,33.0,33.0,2.0,3.0,3.1625,-0.7887124289166969,-0.016700297110800465,-0.5983007704876182,0.025079722670635875,-0.087601,-30.419656
11.185,2.0,1.0,1.0,33.0,33.0,33.0,2.0,3.0,3.165,-0.764427617523091,-0.01513316261263625,-0.6286011600865118,0.021567851557700222,-0.090004,-31.585249
11.185,2.0,1.0,1.0,33.0,33.0,33.0,2.0,3.0,3.1675,-0.7396847815117253,-0.013610183240048963,-0.6571152437817422,0.018568965127806477,-0.092466,-32.756884
11.185,2.0,1.0,1.0,33.0,33.0,33.0,2.0,3.0,3.17,-0.7145580997339336,-0.012144838574632385,-0.6839466993270623,0.016007692480314795,-0.09494,-33.938946
11.185,2.0,1.0,1.0,33.0,33.0,33.0,2.0,3.0,3.1725,-0.6891130588319531,-0.010745694946360384,-0.709187269572372,0.013820824035992893,-0.097396,-35.135906
11.185,2.0,1.0,1.0,33.0,33.0,33.0,2.0,3.0,3.175,-0.6634080711140692,-0.009417771921721276,-0.7329188959105047,0.011955118738718875,-0.099808,-36.352253
11.185,2.0,1.0,1.0,33.0,33.0,33.0,2.0,3.0,3.1775,-0.6374956893942849,-0.0081635325431335,-0.7552154189830369,0.010365548502275165,-0.102161,-37.592315
11.185,2.0,1.0,1.0,33.0,33.0,33.0,2.0,3.0,3.18,-0.6114235308684114,-0.0069836053177325,-0.7761439404937364,0.009013885207000995,-0.104442,-38.859869
11.185,2.0,1.0,1.0,33.0,33.0,33.0,2.0,3.0,3.1825,-0.585234988712188,-0.005877313248101691,-0.7957659183921462,0.007867557377400195,-0.106644,-40.157371
11.185,2.0,1.0,1.0,33.0,33.0,33.0,2.0,3.0,3.185,-0.5589697872786669,-0.004843062946876917,-0.8141380512746845,0.006898720268827199,-0.10876,-41.484506
11.185,2.0,1.0,1.0,33.0,33.0,33.0,2.0,3.0,3.1875,-0.532664420998935,-0.00387863156495629,-0.831312995358119,0.00608349572030495,-0.110788,-42.835567
11.185,2.0,1.0,1.0,33.0,33.0,33.0,2.0,3.0,3.19,-0.5063525060546461,-0.0029813786118447544,-0.8473399478491103,0.005401347763309593,-0.112726,-44.19495
11.185,2.0,1.0,1.0,33.0,33.0,33.0,2.0,3.0,3.1925,-0.48006506608627625,-0.0021484022628450606,-0.8622651232332651,0.0048345673497932375,-0.114573,-45.530177
11.185,2.0,1.0,1.0,33.0,33.0,33.0,2.0,3.0,3.195,-0.45383076762313795,-0.001376654439769649,-0.8761321433914937,0.004367845230528005,-0.116329,-46.783343
11.185,2.0,1.0,1.0,33.0,33.0,33.0,2.0,3.0,3.1975,-0.42767611689660034,-0.00066302515385488,-0.8889823581095119,0.003987916391850988,-0.117995,-47.866661
11.185,2.0,1.0,1.0,33.0,33.0,33.0,2.0,3.0,3.2,-0.4016256267675623,-4.403859701444259e-06,-0.9008551091717864,0.0036832628555431342,-0.119572,-48.67534
11.185,2.0,1.0,1.0,33.0,33.0,33.0,2.0,3.0,3.2025,-0.37570196034653747,0.0006022764225899377,-0.9117879485948045,0.0034438642955981528,-0.121063,-49.128244
11.185,2.0,1.0,1.0,33.0,33.0,33.0,2.0,3.0,3.205,-0.34992605629199447,0.0011600079179420715,-0.9218168194830405,0.003260988001971243,-0.122468,-49.215555
11.185,2.0,1.0,1.0,33.0,33.0,33.0,2.0,3.0,3.2075,-0.32431723958439806,0.0016716866147413,-0.9309762063552842,0.0031270113569322124,-0.123791,-49.005702
11.185,2.0,1.0,1.0,33.0,33.0,33.0,2.0,3.0,3.21,-0.29889332068164387,0.0021400980629752036,-0.9392992604902275,0.0030352712842837116,-0.125034,-48.603447
11.185,2.0,1.0,1.0,33.0,33.0,33.0,2.0,3.0,3.2125,-0.27367068528829913,0.002567908617641644,-0.9468179048037556,0.002979936161411115,-0.126199,-48.103925
11.185,2.0,1.0,1.0,33.0,33.0,33.0,2.0,3.0,3.215,-0.24866437645941641,0.0029576607379407684,-0.9535629219394002,0.002955896506931952,-0.127288,-47.573323
11.185,2.0,1.0,1.0,33.0,33.0,33.0,2.0,3.0,3.2175,-0.22388817036978953,0.003311771287694983,-0.9595640285837453,0.002958671417177767,-0.128304,-47.050586
11.185,2.0,1.0,1.0,33.0,33.0,33.0,2.0,3.0,3.22,-0.19935464678029324,0.0036325320356189535,-0.9648499384768001,0.002984328257205168,-0.12925,-46.555782
11.185,2.0,1.0,1.0,33.0,33.0,33.0,2.0,3.0,3.2225,-0.17507525500359153,0.003922111746155123,-0.9694484161468991,0.003029413543140255,-0.130127,-46.097662
11.185,2.0,1.0,1.0,33.0,33.0,33.0,2.0,3.0,3.225,-0.15106037599411143,0.004182559397805603,-0.973386323040535,0.0030908933031128538,-0.130939,-45.678741
11.185,2.0,1.0,1.0,33.0,33.0,33.0,2.0,3.0,3.2275,-0.1273193810505411,0.004415808177496839,-0.9766896574233873,0.003166101490062077,-0.131688,-45.298313
11.185,2.0,1.0,1.0,33.0,33.0,33.0,2.0,3.0,3.23,-0.10386068751364678,0.004623679984889936,-0.9793835891871684,0.003252695254009282,-0.132376,-44.954144
11.185,2.0,1.0,1.0,33.0,33.0,33.0,2.0,3.0,3.2325,-0.08069181176013296,0.004807890245991939,-0.9814924904979866,0.003348616074056868,-0.133005,-44.643384
11.185,2.0,1.0,1.0,33.0,33.0,33.0,2.0,3.0,3.235,-0.05781941973052573,0.004970052885622978,-0.9830399630574737,0.0034520559093362295,-0.133578,-44.36304
11.185,2.0,1.0,1.0,33.0,33.0,33.0,2.0,3.0,3.2375,-0.035249375180133276,0.005111685346854441,-0.9840488626119551,0.0035614276597337622,-0.134098,-44.110217
11.185,2.0,1.0,1.0,33.0,33.0,33.0,2.0,3.0,3.24,-0.012986785804686592,0.0052342135751290726,-0.984541321232108,0.003675339336535913,-0.134565,-43.882224
11.185,2.0,1.0,1.0,33.0,33.0,33.0,2.0,3.0,3.2425,0.008963952636200607,0.005338976907483916,-0.9845387677919086,0.0037925714342044053,-0.134984,-43.676614
11.185,2.0,1.0,1.0,33.0,33.0,33.0,2.0,3.0,3.245,0.030599114096870463,0.005427232824699301,-0.9840619469978331,0.003912057070608636,-0.135354,-43.491192
11.185,2.0,1.0,1.0,33.0,33.0,33.0,2.0,3.0,3.2475,0.05191560184003146,0.005500161537484386,-0.9831309372545448,0.004032864526821795,-0.135679,-43.323998
11.185,2.0,1.0,1.0,33.0,33.0,33.0,2.0,3.0,3.25,0.0729109097758721,0.00555887038793423,-0.981765167599456,0.00415418187120369,-0.135961,-43.173291
11.185,2.0,1.0,1.0,33.0,33.0,33.0,2.0,3.0,3.2525,0.09358308548287503,0.0056043980551526585,-0.9799834338938185,0.004275303397665103,-0.136201,-43.037529
11.185,2.0,1.0,1.0,33.0,33.0,33.0,2.0,3.0,3.255,0.11393069485440745,0.005637718559700565,-0.9778039144207927,0.004395617646181174,-0.136401,-42.915338
11.185,2.0,1.0,1.0,33.0,33.0,33.0,2.0,3.0,3.2575,0.13395278831995652,0.005659745065817191,-0.9752441850101324,0.004514596805947971,-0.136562,-42.805502
11.185,2.0,1.0,1.0,33.0,33.0,33.0,2.0,3.0,3.26,0.15364886859325055,0.005671333483519805,-0.9723212337835767,0.004631787329028553,-0.136688,-42.706936
11.185,2.0,1.0,1.0,33.0,33.0,33.0,2.0,3.0,3.2625,0.17301885990214727,0.00567328587496195,-0.9690514755939744,0.00474680160569474,-0.136779,-42.618674
11.185,2.0,1.0,1.0,33.0,33.0,33.0,2.0,3.0,3.265,0.19206307865647476,0.005666353671033188,-0.9654507662138302,0.004859310572598047,-0.136837,-42.539853
11.185,2.0,1.0,1.0,33.0,33.0,33.0,2.0,3.0,3.2675,0.2107822055112833,0.0056512407052692806,-0.9615344163147488,0.004969037141936623,-0.136863,-42.469699
11.185,2.0,1.0,1.0,33.0,33.0,33.0,2.0,3.0,3.27,0.2291772587835328,0.0056286060728300705,-0.9573172052676775,0.005075750354381785,-0.136859,-42.407519
11.185,2.0,1.0,1.0,33.0,33.0,33.0,2.0,3.0,3.2725,0.24724956918045837,0.00559906682269234,-0.9528133947845078,0.0051792601710517255,-0.136826,-42.352689
11.185,2.0,1.0,1.0,33.0,33.0,33.0,2.0,3.0,3.275,0.26500075579830934,0.0055632004913740915,-0.9480367424140316,0.005279412830602277,-0.136766,-42.304646
11.185,2.0,1.0,1.0,33.0,33.0,33.0,2.0,3.0,3.2775,0.2824327033500338,0.005521547486498223,-0.9430005148993306,0.0053760867067896055,-0.136681,-42.262882
11.185,2.0,1.0,1.0,33.0,33.0,33.0,2.0,3.0,3.28,0.2995475405806798,0.005474613328387652,-0.9377175013989603,0.005469188609885258,-0.13657,-42.226934
11.185,2.0,1.0,1.0,33.0,33.0,33.0,2.0,3.0,3.2825,0.3163476198294178,0.005422870757665529,-0.932200026570686,0.005558650482263715,-0.136436,-42.196386
11.185,2.0,1.0,1.0,33.0,33.0,33.0,2.0,3.0,3.285,0.3328354976970317,0.005366761716565206,-0.9264599635138596,0.005644426444499701,-0.13628,-42.170856
11.185,2.0,1.0,1.0,33.0,33.0,33.0,2.0,3.0,3.2875,0.34901391677821647,0.005306699211342072,-0.9205087465644797,0.00572649015353819,-0.136103,-42.149996
11.185,2.0,1.0,1.0,33.0,33.0,33.0,2.0,3.0,3.29,0.3648857884179733,0.005243069062840086,-0.9143573839356992,0.005804832439045118,-0.135906,-42.13349
11.185,2.0,1.0,1.0,33.0,33.0,33.0,2.0,3.0,3.2925,0.38045417645207524,0.005176231551917262,-0.9080164701955794,0.005879459188009131,-0.13569,-42.121046
11.185,2.0,1.0,1.0,33.0,33.0,33.0,2.0,3.0,3.295,0.39572228189173375,0.005106522966080651,-0.9014961985735099,0.005950389451122066,-0.135456,-42.112399
11.185,2.0,1.0,1.0,33.0,33.0,33.0,2.0,3.0,3.2975,0.41069342851335006,0.00503425705332741,-0.8948063730864997,0.006017653747489774,-0.135205,-42.107303
11.185,2.0,1.0,1.0,33.0,33.0,33.0,2.0,3.0,3.3,0.42537104931476377,0.004959726388848316,-0.8879564204766853,0.006081292546875227,-0.134938,-42.105532
11.185,2.0,1.0,1.0,33.0,33.0,33.0,2.0,3.0,3.3025,0.43975867380003175,0.004883203659914432,-0.8809554019517365,0.0061413549109971535,-0.134656,-42.106879
11.185,2.0,1.0,1.0,33.0,33.0,33.0,2.0,3.0,3.305,0.45385991605573706,0.004804942873946539,-0.8738120247202332,0.006197897277451623,-0.134359,-42.11115
11.185,2.0,1.0,1.0,33.0,33.0,33.0,2.0,3.0,3.3075,0.46767846358241705,0.004725180494464365,-0.866534653314767,0.006250982371619327,-0.13405,-42.118167
11.185,2.0,1.0,1.0,33.0,33.0,33.0,2.0,3.0,3.31,0.4812180668457697,0.004644136509318624,-0.8591313206960972,0.006300678233505931,-0.133727,-42.127766
11.185,2.0,1.0,1.0,33.0,33.0,33.0,2.0,3.0,3.3125,0.49448252951316757,0.004562015435336359,-0.8516097391324413,0.006347057347862887,-0.133393,-42.139792
11.185,2.0,1.0,1.0,33.0,33.0,33.0,2.0,3.0,3.315,0.507475699341932,0.004479007263249563,-0.8439773108487602,0.00639019586716808,-0.133047,-42.154105
11.185,2.0,1.0,1.0,33.0,33.0,33.0,2.0,3.0,3.3175,0.5202014596869445,0.004395288346532823,-0.8362411384415943,0.006430172918146048,-0.132691,-42.170569
11.185,2.0,1.0,1.0,33.0,33.0,33.0,2.0,3.0,3.32,0.5326637215960898,0.004311022237548152,-0.8284080350558486,0.0064670699834730675,-0.132325,-42.189062
11.185,2.0,1.0,1.0,33.0,33.0,33.0,2.0,3.0,3.3225,0.5448664164631437,0.004226360474178765,-0.8204845343206271,0.006500970351176776,-0.13195,-42.209468
11.185,2.0,1.0,1.0,33.0,33.0,33.0,2.0,3.0,3.325,0.5568134892088096,0.004141443319933484,-0.8124769000419576,0.006531958625005752,-0.131566,-42.231678
11.185,2.0,1.0,1.0,33.0,33.0,33.0,2.0,3.0,3.3275,0.5685088919615671,0.004056400460314974,-0.8043911356509974,0.006560120289726674,-0.131175,-42.255592
11.185,2.0,1.0,1.0,33.0,33.0,33.0,2.0,3.0,3.33,0.5799565782112427,0.003971351658069403,-0.7962329934068958,0.006585541325913376,-0.130776,-42.281114
11.185,2.0,1.0,1.0,33.0,33.0,33.0,2.0,3.0,3.3325,0.5911604974090854,0.0038864073697715417,-0.7880079833542485,0.006608307869337799,-0.13037,-42.308155
11.185,2.0,1.0,1.0,33.0,33.0,33.0,2.0,3.0,3.335,0.602124589989383,0.0038016693260449486,-0.7797213820355412,0.006628505910554698,-0.129958,-42.336632
11.185,2.0,1.0,1.0,33.0,33.0,33.0,2.0,3.0,3.3375,0.6128527827885594,0.0037172310775736464,-0.7713782409596471,0.006646221030708539,-0.129539,-42.366464
11.185,2.0,1.0,1.0,33.0,33.0,33.0,2.0,3.0,3.34,0.6233489848387911,0.0036331785089301497,-0.762983394827909,0.006661538169978275,-0.129116,-42.397579
11.185,2.0,1.0,1.0,33.0,33.0,33.0,2.0,3.0,3.3425,0.6336170835142415,0.003549590322116163,-0.754541469519766,0.006674541425425416,-0.128687,-42.429906
11.185,2.0,1.0,1.0,33.0,33.0,33.0,2.0,3.0,3.345,0.64366094100887,0.0034665384915996875,-0.7460568898404414,0.00668531387532245,-0.128254,-42.46338
11.185,2.0,1.0,1.0,33.0,33.0,33.0,2.0,3.0,3.3475,0.6534843911259258,0.0033840886925198947,-0.7375338870334334,0.006693937427322406,-0.127816,-42.497937
11.185,2.0,1.0,1.0,33.0,33.0,33.0,2.0,3.0,3.35,0.6630912363600191,0.003302300703631731,-0.7289765060610476,0.006700492688080468,-0.127375,-42.533519
11.185,2.0,1.0,1.0,33.0,33.0,33.0,2.0,3.0,3.3525,0.6724852452536738,0.0032212287864662836,-0.7203886126564442,0.0067050588521686315,-0.12693,-42.570069
11.185,2.0,1.0,1.0,33.0,33.0,33.0,2.0,3.0,3.355,0.6816701500111761,0.003140922042092637,-0.7117739001509316,0.006707713608329666,-0.126483,-42.607536
11.185,2.0,1.0,1.0,33.0,33.0,33.0,2.0,3.0,3.3575,0.6906496443532857,0.00306142474678727,-0.7031358960805777,0.006708533061300136,-0.126032,-42.645869
11.185,2.0,1.0,1.0,33.0,33.0,33.0,2.0,3.0,3.36,0.6994273815973712,0.0029827766678340983,-0.694477968576284,0.006707591667601823,-0.12558,-42.685019
11.185,2.0,1.0,1.0,33.0,33.0,33.0,2.0,3.0,3.3625,0.7080069729481636,0.0029050133606106903,-0.685803332541784,0.006704962183850792,-0.125125,-42.724944
11.185,2.0,1.0,1.0,33.0,33.0,33.0,2.0,3.0,3.365,0.7163919859852665,0.0028281664480431026,-0.6771150556240457,0.00670071562626995,-0.124668,-42.765598
11.185,2.0,1.0,1.0,33.0,33.0,33.0,2.0,3.0,3.3675,0.7245859433341613,0.0027522638834517298,-0.6684160639807979,0.0066949212402152795,-0.124209,-42.806942
11.185,2.0,1.0,1.0,33.0,33.0,33.0,2.0,3.0,3.37,0.7325923215082457,0.0026773301977481147,-0.6597091478499238,0.006687646478637377,-0.12375,-42.848936
11.185,2.0,1.0,1.0,33.0,33.0,33.0,2.0,3.0,3.3725,0.740414549910146,0.0026033867318860666,-0.6509969669255312,0.006678956988501571,-0.123289,-42.891544
11.185,2.0,1.0,1.0,33.0,33.0,33.0,2.0,3.0,3.375,0.74805600998108,0.00253045185542068,-0.642282055545662,0.00666891660428203,-0.122828,-42.934731
11.185,2.0,1.0,1.0,33.0,33.0,33.0,2.0,3.0,3.3775,0.7555200344878493,0.0024585411719753,-0.6335668276964933,0.006657587347728484,-0.122366,-42.978462
11.185,2.0,1.0,1.0,33.0,33.0,33.0,2.0,3.0,3.38,0.762809906937485,0.002387667712373097,-0.6248535818380272,0.006645029433179634,-0.121904,-43.022706
11.185,2.0,1.0,1.0,33.0,33.0,33.0,2.0,3.0,3.3825,0.7699288611102243,0.0023178421161441707,-0.6161445055562007,0.006631301277766659,-0.121441,-43.067432
11.185,2.0,1.0,1.0,33.0,33.0,33.0,2.0,3.0,3.385,0.776880080702051,0.0022490728020791054,-0.607441680046322,0.006616459515912706,-0.120979,-43.112611
11.185,2.0,1.0,1.0,33.0,33.0,33.0,2.0,3.0,3.3875,0.7836666990684713,0.0021813661284610522,-0.5987470844327906,0.0066005590175893195,-0.120516,-43.158215
11.185,2.0,1.0,1.0,33.0,33.0,33.0,2.0,3.0,3.39,0.7902917990617968,0.002114726543571608,-0.5900625999299091,0.006583652909845042,-0.120055,-43.204217
11.185,2.0,1.0,1.0,33.0,33.0,33.0,2.0,3.0,3.3925,0.7967584129545878,0.0020491567270316076,-0.581390013848651,0.006565792601166069,-0.119593,-43.250592
11.185,2.0,1.0,1.0,33.0,33.0,33.0,2.0,3.0,3.395,0.8030695224423973,0.001984657722507559,-0.5727310234541314,0.006547027808271716,-0.119133,-43.297315
11.185,2.0,1.0,1.0,33.0,33.0,33.0,2.0,3.0,3.3975,0.8092280587193994,0.001921229062280479,-0.5640872396784447,0.006527406584987608,-0.118673,-43.344363
11.185,2.0,1.0,1.0,33.0,33.0,33.0,2.0,3.0,3.4,0.8152369026208112,0.0018588688841495087,-0.5554601906935492,0.006506975352873078,-0.118214,-43.391713
11.185,2.0,1.0,1.0,33.0,33.0,33.0,2.0,3.0,3.4025,0.8210988848265005,0.0017975740411129678,-0.5468513253486711,0.006485778933312115,-0.117757,-43.439344
11.185,2.0,1.0,1.0,33.0,33.0,33.0,2.0,3.0,3.405,0.8268167861204276,0.0017373402042451074,-0.5382620164767526,0.006463860580806163,-0.117301,-43.487235
11.185,2.0,1.0,1.0,33.0,33.0,33.0,2.0,3.0,3.4075,0.832393337701003,0.0016781619591640133,-0.5296935640742436,0.006441262017234041,-0.116846,-43.535366
11.185,2.0,1.0,1.0,33.0,33.0,33.0,2.0,3.0,3.41,0.8378312215376866,0.001620032896460965,-0.5211471983585715,0.006418023466867396,-0.116393,-43.583719
11.185,2.0,1.0,1.0,33.0,33.0,33.0,2.0,3.0,3.4125,0.8431330707695037,0.0015629456964443178,-0.5126240827074308,0.006394183691952818,-0.115941,-43.632275
11.185,2.0,1.0,1.0,33.0,33.0,33.0,2.0,3.0,3.415,0.848301470141449,0.0015068922085267763,-0.5041253164839695,0.006369780028691756,-0.115491,-43.681017
11.185,2.0,1.0,1.0,33.0,33.0,33.0,2.0,3.0,3.4175,0.8533389564749498,0.001451863525569768,-0.4956519377518981,0.006344848423467181,-0.115043,-43.729927
11.185,2.0,1.0,1.0,33.0,33.0,33.0,2.0,3.0,3.42,0.8582480191689255,0.001397850053477997,-0.4872049258843198,0.006319423469181726,-0.114596,-43.77899
11.185,2.0,1.0,1.0,33.0,33.0,33.0,2.0,3.0,3.4225,0.8630311007281098,0.0013448415763230301,-0.4787852040701415,0.00629353844158932,-0.114152,-43.82819
11.185,2.0,1.0,1.0,33.0,33.0,33.0,2.0,3.0,3.425,0.8676905973156027,0.0012928273172568441,-0.4703936417216863,0.006267225335512678,-0.11371,-43.877512
11.185,2.0,1.0,1.0,33.0,33.0,33.0,2.0,3.0,3.4275,0.8722288593268119,0.0012417959954627608,-0.4620310567870817,0.006240514900854572,-0.11327,-43.926942
11.185,2.0,1.0,1.0,33.0,33.0,33.0,2.0,3.0,3.43,0.8766481919821197,0.0011917358793768085,-0.45369821797091675,0.006213436678319384,-0.112832,-43.976466
11.185,2.0,1.0,1.0,33.0,33.0,33.0,2.0,3.0,3.4325,0.8809508559358502,0.0011426348363987957,-0.44539584686649647,0.006186019034773695,-0.112396,-44.026071
11.185,2.0,1.0,1.0,33.0,33.0,33.0,2.0,3.0,3.435,0.8851390678992274,0.0010944803793008035,-0.43712462000299734,0.00615828919818234,-0.111963,-44.075744
11.185,2.0,1.0,1.0,33.0,33.0,33.0,2.0,3.0,3.4375,0.8892150012752438,0.001047259709528086,-0.4288851708106392,0.006130273292065602,-0.111532,-44.125472
11.185,2.0,1.0,1.0,33.0,33.0,33.0,2.0,3.0,3.44,0.8931807868034631,0.001000959757576913,-0.4206780915069827,0.00610199636943047,-0.111103,-44.175244
11.185,2.0,1.0,1.0,33.0,33.0,33.0,2.0,3.0,3.4425,0.8970385132129584,0.0009555672206232823,-0.4125039349072944,0.006073482446135958,-0.110677,-44.225048
11.185,2.0,1.0,1.0,33.0,33.0,33.0,2.0,3.0,3.445,0.9007902278817185,0.0009110685975656002,-0.4043632161618394,0.006044754533657899,-0.110254,-44.274873
11.185,2.0,1.0,1.0,33.0,33.0,33.0,2.0,3.0,3.4475,0.9044379375009706,0.0008674502216373416,-0.3962564144229156,0.006015834671225666,-0.109833,-44.324709
11.185,2.0,1.0,1.0,33.0,33.0,33.0,2.0,3.0,3.45,0.9079836087430133,0.0008246982907334879,-0.3881839744442582,0.005986743957306596,-0.109415,-44.374546
11.185,2.0,1.0,1.0,33.0,33.0,33.0,2.0,3.0,3.4525,0.9114291689312419,0.000782798895589921,-0.38014630811545547,0.005957502580419696,-0.108999,-44.424373
11.185,2.0,1.0,1.0,33.0,33.0,33.0,2.0,3.0,3.455,0.9147765067111604,0.0007417380459439654,-0.37214379593386326,0.00592812984926371,-0.108586,-44.474182
11.185,2.0,1.0,1.0,33.0,33.0,33.0,2.0,3.0,3.4575,0.9180274727212995,0.0007015016947990588,-0.36417678841640333,0.00589864422214844,-0.108176,-44.523962
11.185,2.0,1.0,1.0,33.0,33.0,33.0,2.0,3.0,3.46,0.9211838802630005,0.0006620757609080317,-0.35624560745364375,0.0058690633357213985,-0.107769,-44.573706
11.185,2.0,1.0,1.0,33.0,33.0,33.0,2.0,3.0,3.4625,0.9242475059681696,0.0006234461495835953,-0.34835054760833845,0.0058394040329847316,-0.107364,-44.623405
11.185,2.0,1.0,1.0,33.0,33.0,33.0,2.0,3.0,3.465,0.9272200904641396,0.0005855987719389436,-0.340491877360653,0.005809682390600316,-0.106962,-44.67305
11.185,2.0,1.0,1.0,33.0,33.0,33.0,2.0,3.0,3.4675,0.9301033390348799,0.0005485195626540935,-0.3326698403021404,0.005779913745483016,-0.106563,-44.722635
11.185,2.0,1.0,1.0,33.0,33.0,33.0,2.0,3.0,3.47,0.9328989222778656,0.0005121944963584331,-0.3248846562804781,0.0057501127206838025,-0.106167,-44.77215
11.185,2.0,1.0,1.0,33.0,33.0,33.0,2.0,3.0,3.4725,0.9356084767559522,0.0004766096027165905,-0.3171365224969378,0.005720293250567035,-0.105774,-44.821589
11.185,2.0,1.0,1.0,33.0,33.0,33.0,2.0,3.0,3.475,0.938233605643716,0.0004417509802966744,-0.30942561455841433,0.005690468605287206,-0.105384,-44.870946
11.185,2.0,1.0,1.0,33.0,33.0,33.0,2.0,3.0,3.4775,0.9407758793677149,0.0004076048092975098,-0.3017520874858687,0.005660651414571888,-0.104996,-44.920212
11.185,2.0,1.0,1.0,33.0,33.0,33.0,2.0,3.0,3.48,0.9432368362402339,0.0003741573632065924,-0.29411607668086653,0.005630853690819533,-0.104612,-44.969382
11.185,2.0,1.0,1.0,33.0,33.0,33.0,2.0,3.0,3.4825,0.9456179830860937,0.0003413950194557203,-0.28651769885191614,0.005601086851520825,-0.10423,-45.018449
11.185,2.0,1.0,1.0,33.0,33.0,33.0,2.0,3.0,3.485,0.947920795862151,0.00030930426913818867,-0.27895705290221057,0.005571361741013769,-0.103852,-45.067408
11.185,2.0,1.0,1.0,33.0,33.0,33.0,2.0,3.0,3.4875,0.9501467202691827,0.0002778717258469486,-0.27143422078028945,0.005541688651583989,-0.103476,-45.116252
11.185,2.0,1.0,1.0,33.0,33.0,33.0,2.0,3.0,3.49,0.9522971723558523,0.00024708413369052724,-0.26394926829515086,0.005512077343920959,-0.103104,-45.164976
11.185,2.0,1.0,1.0,33.0,33.0,33.0,2.0,3.0,3.4925,0.9543735391145296,0.0002169283745390638,-0.256502245897202,0.005482537066943176,-0.102734,-45.213575
11.185,2.0,1.0,1.0,33.0,33.0,33.0,2.0,3.0,3.495,0.956377179068732,0.00018739147455071168,-0.24909318942644884,0.005453076577004562,-0.102367,-45.262042
11.185,2.0,1.0,1.0,33.0,33.0,33.0,2.0,3.0,3.4975,0.9583094228520187,0.00015846061002584944,-0.24172212082924688,0.005423704156494782,-0.102003,-45.310375
11.185,2.0,1.0,1.0,33.0,33.0,33.0,2.0,3.0,3.5,0.96017157377818,0.000130123112631979,-0.234389048844851,0.00539442763184754,-0.101643,-45.358566
